序号,文件名,标题,大小(MB),路径
1,live_001_再次缩量见底.mp4,再次缩量见底,167.7,直播回放/live_001_再次缩量见底.mp4
2,live_002_最坏的情况？.mp4,最坏的情况？,186.0,直播回放/live_002_最坏的情况？.mp4
3,live_003_再次地量！.mp4,再次地量！,182.6,直播回放/live_003_再次地量！.mp4
4,live_004_爆发前的震荡.mp4,爆发前的震荡,234.5,直播回放/live_004_爆发前的震荡.mp4
5,live_005_爆发前的震荡.mp4,爆发前的震荡,174.4,直播回放/live_005_爆发前的震荡.mp4
6,live_006_酝酿行情中.mp4,酝酿行情中,231.1,直播回放/live_006_酝酿行情中.mp4
7,live_007_地量地价.mp4,地量地价,153.5,直播回放/live_007_地量地价.mp4
8,live_008_地量地价.mp4,地量地价,187.9,直播回放/live_008_地量地价.mp4
9,live_009_正常回调.mp4,正常回调,192.7,直播回放/live_009_正常回调.mp4
10,live_010_大盘底部.mp4,大盘底部,231.9,直播回放/live_010_大盘底部.mp4
11,live_011_大盘底部.mp4,大盘底部,214.7,直播回放/live_011_大盘底部.mp4
12,live_012_大盘底部.mp4,大盘底部,226.7,直播回放/live_012_大盘底部.mp4
13,live_013_指数会随时爆发.mp4,指数会随时爆发,187.7,直播回放/live_013_指数会随时爆发.mp4
14,live_014_地量见地价.mp4,地量见地价,280.0,直播回放/live_014_地量见地价.mp4
15,live_015_回调就是进场机会.mp4,回调就是进场机会,263.0,直播回放/live_015_回调就是进场机会.mp4
16,live_016_回调就是进场机会.mp4,回调就是进场机会,205.6,直播回放/live_016_回调就是进场机会.mp4
17,live_017_回调就是进场机会.mp4,回调就是进场机会,282.2,直播回放/live_017_回调就是进场机会.mp4
18,live_018_回调就是进场机会.mp4,回调就是进场机会,265.1,直播回放/live_018_回调就是进场机会.mp4
19,live_019_上涨中继.mp4,上涨中继,254.4,直播回放/live_019_上涨中继.mp4
20,live_020_回调就是进场机会.mp4,回调就是进场机会,228.7,直播回放/live_020_回调就是进场机会.mp4
21,live_021_回调就是进场机会.mp4,回调就是进场机会,229.0,直播回放/live_021_回调就是进场机会.mp4
22,live_022_上涨中继.mp4,上涨中继,229.7,直播回放/live_022_上涨中继.mp4
23,live_023_大盘底部.mp4,大盘底部,214.5,直播回放/live_023_大盘底部.mp4
